Titulo,Descripcion,FechaEstreno,Categoria,Puntuacion,DuracionMinutos,Actores,a
Pelicula 30,Descripcion 30,2018-10-13,Thriller,5.0,166.0,Christian Lee,
Pelicula 204,Descripcion 204,1986-10-19,Historia,1.0,152.0,Ashley Santana,
Pelicula 75,Descripcion 75,2016-02-12,Comedia,4.0,170.0,Brianna Stephens,
Pelicula 283,Descripcion 283,1979-03-01,Thriller,1.0,142.0,Alexis Jacobson,
Pelicula 4,Descripcion 4,2006-02-01,Deporte,1.0,85.0,Chad Weaver,
Pelicula 25,Descripcion 25,2012-07-23,Crimen,5.0,125.0,Margaret Carter,
Pelicula 93,Descripcion 93,1983-04-13,Romance,1.0,179.0,Nicole Potts,
Pelicula 198,Descripcion 198,1972-03-26,Western,2.0,75.0,Michelle Ortiz,
Pelicula 7,Descripcion 7,1984-10-18,Biografia,2.0,114.0,Ms. Anna Williams,
Pelicula 133,Descripcion 133,1979-07-07,Documental,1.0,141.0,Brianna Valencia,
Pelicula 168,Descripcion 168,1991-08-11,Familia,4.0,155.0,Stephanie Carpenter,
Pelicula 246,Descripcion 246,1997-03-27,Deporte,4.0,137.0,Benjamin Huerta,
Pelicula 158,Descripcion 158,1992-02-10,Documental,2.0,97.0,Jeremy Freeman,
Pelicula 203,Descripcion 203,1975-12-07,Animacion,3.0,60.0,Adam Rocha,
Pelicula 72,Descripcion 72,1997-11-07,Romance,3.0,61.0,Candace Miller,
Pelicula 144,Descripcion 144,1995-05-04,Biografia,4.0,147.0,Krystal Robinson,
Pelicula 36,Descripcion 36,1987-03-17,Guerra,2.0,106.0,Tammy Osborn,
Pelicula 199,Descripcion 199,1988-04-07,Guerra,1.0,120.0,Andrea Richardson,
Pelicula 257,Descripcion 257,1983-01-20,Historia,3.0,131.0,Leslie Cunningham,
Pelicula 213,Descripcion 213,1970-01-01,Drama,3.0,131.0,Andrew Hines,
Pelicula 68,Descripcion 68,1998-10-24,Deporte,1.0,115.0,Kathryn Rogers,
Pelicula 19,Descripcion 19,1971-12-05,Biografia,5.0,123.0,Mr. David Thornton,
Pelicula 109,Descripcion 109,1973-12-14,Animacion,1.0,151.0,Kevin Lozano,
Pelicula 13,Descripcion 13,1980-03-23,Documental,4.0,115.0,Vincent Green,
Pelicula 279,Descripcion 279,2002-04-04,Misterio,1.0,142.0,Sean Jones,
Pelicula 47,Descripcion 47,1994-02-19,Thriller,1.0,114.0,Hunter Lucas,
Pelicula 51,Descripcion 51,2018-06-10,Fantasia,4.0,123.0,Latoya Mitchell,
Pelicula 23,Descripcion 23,1995-09-22,Ciencia Ficcion,5.0,69.0,Cindy Henderson,
Pelicula 103,Descripcion 103,1982-01-22,Ciencia Ficcion,4.0,142.0,Jamie Ford,
Pelicula 274,Descripcion 274,2000-11-15,Guerra,3.0,136.0,Kevin Houston,
Pelicula 11,Descripcion 11,1988-05-03,Historia,2.0,107.0,Mr. Christopher Mathews,
Pelicula 247,Descripcion 247,1986-02-10,Misterio,4.0,134.0,Elizabeth Duncan,
,,,,,,,
Pelicula 26,Descripcion 26,2002-08-25,Musical,5.0,147.0,Daniel Mason,
Pelicula 49,Descripcion 49,1986-08-06,Romance,2.0,76.0,Crystal Taylor,
Pelicula 267,Descripcion 267,2000-10-13,Historia,2.0,173.0,Stacy Nelson,
Pelicula 178,Descripcion 178,1978-03-20,Thriller,1.0,142.0,Christina Bush,
Pelicula 53,Descripcion 53,1980-06-15,Documental,1.0,103.0,Carla Love,
Pelicula 152,Descripcion 152,1992-03-04,Deporte,3.0,142.0,Katherine Macias,
Pelicula 63,Descripcion 63,1972-09-21,Misterio,5.0,120.0,Sean Hess,
Pelicula 67,Descripcion 67,2006-03-28,Thriller,5.0,152.0,Ms. Catherine Morgan,
Pelicula 48,Descripcion 48,1984-01-29,Misterio,4.0,139.0,Jimmy Cruz,
Pelicula 226,Descripcion 226,1990-05-14,Misterio,4.0,114.0,Lorraine Woods,
Pelicula 244,Descripcion 244,2019-06-07,Familia,1.0,84.0,Teresa Thompson,
Pelicula 273,Descripcion 273,2014-01-12,Western,4.0,152.0,Julie Fisher,
Pelicula 14,Descripcion 14,2016-12-25,Western,4.0,86.0,Anthony Walker,
Pelicula 41,Descripcion 41,1993-10-17,Thriller,5.0,91.0,Jessica Wilson,
Pelicula 100,Descripcion 100,2003-09-06,Comedia,1.0,117.0,Joyce Smith,
Pelicula 258,Descripcion 258,1987-12-09,Documental,5.0,161.0,Mrs. Candice Brooks MD,
Pelicula 255,Descripcion 255,1993-09-19,Terror,5.0,138.0,Laura Smith,
Pelicula 44,Descripcion 44,1996-10-19,Western,2.0,176.0,William Brown,
Pelicula 143,Descripcion 143,1978-06-09,Crimen,2.0,103.0,Sonya Douglas,
Pelicula 38,Descripcion 38,1996-07-11,Crimen,4.0,148.0,Tracey Patton,
Pelicula 18,Descripcion 18,1983-07-24,Comedia,2.0,106.0,Pamela Rivera,
Pelicula 217,Descripcion 217,2017-01-19,Crimen,3.0,64.0,Mrs. Brittany Gonzalez,
Pelicula 173,Descripcion 173,1978-02-16,Guerra,4.0,80.0,Joshua Koch,
Pelicula 73,Descripcion 73,2008-09-13,Drama,1.0,172.0,Douglas Golden,
Pelicula 243,Descripcion 243,2013-11-29,Ciencia Ficcion,3.0,169.0,Warren Collins,
Pelicula 160,Descripcion 160,1986-10-23,Crimen,5.0,141.0,Thomas Black,
Pelicula 162,Descripcion 162,2018-10-31,Accion,1.0,97.0,Natasha Wall,
Pelicula 35,Descripcion 35,2004-04-08,Deporte,3.0,141.0,Darren Jackson,
Pelicula 251,Descripcion 251,1994-08-22,Familia,1.0,116.0,Shelley Nelson,
Pelicula 208,Descripcion 208,2019-08-22,Familia,4.0,66.0,Paul Graham,
Pelicula 42,Descripcion 42,1988-06-22,Ciencia Ficcion,2.0,138.0,Garrett Rios,
Pelicula 99,Descripcion 99,2012-03-29,Misterio,2.0,135.0,Misty Carr,
Pelicula 242,Descripcion 242,2001-10-29,Ciencia Ficcion,3.0,117.0,Hayley Watson,
Pelicula 167,Descripcion 167,2022-01-27,Comedia,3.0,77.0,Linda Jordan,
Pelicula 148,Descripcion 148,2022-08-12,Documental,3.0,152.0,Felicia Thomas,
Pelicula 262,Descripcion 262,1982-01-28,Western,2.0,132.0,Connie Rice,
Pelicula 194,Descripcion 194,1975-05-06,Comedia,3.0,79.0,Jaime English,
Pelicula 110,Descripcion 110,1974-09-26,Terror,3.0,165.0,Sydney Hogan,
Pelicula 3,Descripcion 3,2003-05-26,Romance,5.0,166.0,Kathleen Howe,
Pelicula 127,Descripcion 127,2011-11-23,Romance,3.0,130.0,Pamela Freeman,
Pelicula 12,Descripcion 12,2017-08-17,Drama,5.0,121.0,Allen Smith,
Pelicula 124,Descripcion 124,2001-07-18,Drama,1.0,137.0,Ryan Yang,
Pelicula 70,Descripcion 70,1982-10-26,Historia,3.0,161.0,Emma Wilcox,
Pelicula 205,Descripcion 205,2020-08-20,Musical,3.0,103.0,Daniel Robinson,
Pelicula 261,Descripcion 261,2021-05-11,Animacion,5.0,164.0,Kenneth Hoover,
Pelicula 223,Descripcion 223,1979-09-02,Historia,5.0,158.0,Bradley Green,
Pelicula 193,Descripcion 193,2013-06-19,Historia,5.0,111.0,Theodore Rivera,
Pelicula 157,Descripcion 157,1972-11-24,Aventura,3.0,96.0,Angela Dawson,
Pelicula 161,Descripcion 161,1980-03-20,Western,3.0,83.0,Mary Silva,
Pelicula 219,Descripcion 219,1977-12-27,Animacion,3.0,158.0,Emily Joseph,
Pelicula 206,Descripcion 206,1986-01-21,Historia,4.0,104.0,Kimberly Davis,
Pelicula 228,Descripcion 228,2005-01-09,Comedia,1.0,176.0,Shelly Graves,
Pelicula 64,Descripcion 64,2007-01-23,Romance,4.0,171.0,Kelsey Dunlap,
Pelicula 269,Descripcion 269,1988-05-22,Guerra,3.0,116.0,Jason Rocha,
Pelicula 108,Descripcion 108,2016-02-21,Crimen,5.0,74.0,Kimberly Smith,
Pelicula 184,Descripcion 184,2015-11-10,Guerra,5.0,79.0,John Sullivan,
Pelicula 227,Descripcion 227,1982-10-02,Ciencia Ficcion,3.0,78.0,Brandy Carson,
Pelicula 140,Descripcion 140,2009-01-20,Ciencia Ficcion,2.0,174.0,Maurice Clark,
Pelicula 22,Descripcion 22,1973-11-06,Misterio,4.0,172.0,Brenda Hanson,
Pelicula 285,Descripcion 285,1981-07-08,Guerra,1.0,166.0,Erin Moses,
Pelicula 299,Descripcion 299,1998-10-06,Fantasia,3.0,159.0,Scott Lee,
Pelicula 237,Descripcion 237,2005-09-27,Guerra,5.0,123.0,Tabitha Johnson,
Pelicula 59,Descripcion 59,2007-10-06,Fantasia,1.0,176.0,Ashley Owens,
Pelicula 136,Descripcion 136,2022-03-15,Ciencia Ficcion,3.0,69.0,Hannah Howard,
Pelicula 254,Descripcion 254,1977-03-27,Comedia,1.0,82.0,Erika Kidd,
Pelicula 126,Descripcion 126,1995-03-04,Musical,2.0,97.0,Jason Livingston,
Pelicula 60,Descripcion 60,1994-11-01,Drama,4.0,63.0,Patrick Dickerson,
Pelicula 129,Descripcion 129,1996-01-04,Terror,3.0,63.0,Mr. Anthony Wheeler,
Pelicula 216,Descripcion 216,2017-03-13,Aventura,3.0,177.0,Kimberly Davis,
Pelicula 58,Descripcion 58,2012-10-15,Western,3.0,143.0,Matthew Lowe,
Pelicula 121,Descripcion 121,2011-05-21,Accion,3.0,162.0,Dylan Jackson,
Pelicula 120,Descripcion 120,2014-11-08,Drama,4.0,126.0,Kevin Buckley,
Pelicula 159,Descripcion 159,2006-11-30,Thriller,4.0,90.0,Kaylee Gonzalez,
Pelicula 207,Descripcion 207,2015-07-27,Drama,2.0,131.0,James Garcia,
Pelicula 190,Descripcion 190,2018-02-22,Familia,2.0,123.0,Philip Fuller,
Pelicula 145,Descripcion 145,1972-10-13,Animacion,2.0,120.0,Bruce Brock,
Pelicula 212,Descripcion 212,2015-10-13,Crimen,4.0,79.0,Mark Romero,
Pelicula 224,Descripcion 224,2022-07-21,Thriller,3.0,96.0,Bianca Clark,
Pelicula 87,Descripcion 87,1983-12-24,Guerra,1.0,62.0,Brandon Wood,
Pelicula 74,Descripcion 74,1998-12-19,Misterio,1.0,149.0,James Ward,
Pelicula 101,Descripcion 101,2008-09-14,Familia,5.0,162.0,Kimberly Martinez,
Pelicula 295,Descripcion 295,2023-06-11,Thriller,1.0,114.0,Drew Thomas,
Pelicula 270,Descripcion 270,1972-06-11,Historia,3.0,88.0,Connie Lawrence,
Pelicula 231,Descripcion 231,2012-06-12,Accion,4.0,142.0,Ryan Garcia,
Pelicula 137,Descripcion 137,2011-03-03,Animacion,1.0,113.0,Natalie Chavez,
Pelicula 192,Descripcion 192,2018-11-20,Accion,3.0,96.0,Susan Garcia,
Pelicula 195,Descripcion 195,1998-12-08,Romance,2.0,159.0,Rhonda Carr,
Pelicula 281,Descripcion 281,1988-03-23,Familia,1.0,122.0,Melissa Jones,
Pelicula 241,Descripcion 241,1995-05-12,Thriller,4.0,72.0,Jessica Robinson,
Pelicula 218,Descripcion 218,2017-01-13,Terror,2.0,155.0,Troy Cox,
Pelicula 65,Descripcion 65,2004-12-04,Animacion,3.0,116.0,Alan Rivas,
Pelicula 288,Descripcion 288,2005-04-03,Documental,4.0,151.0,Lauren Gonzalez,
Pelicula 186,Descripcion 186,1977-10-19,Crimen,4.0,76.0,Elizabeth Graham,
Pelicula 276,Descripcion 276,2017-04-14,Deporte,4.0,104.0,Angela Garcia,
Pelicula 182,Descripcion 182,1987-02-27,Fantasia,3.0,147.0,Blake Coleman PhD,
Pelicula 210,Descripcion 210,1993-12-04,Fantasia,1.0,164.0,Michael Hernandez,
Pelicula 172,Descripcion 172,1988-09-01,Familia,4.0,108.0,William Molina,
Pelicula 27,Descripcion 27,2008-02-14,Comedia,3.0,132.0,Janice Williams,
Pelicula 171,Descripcion 171,1986-11-19,Accion,3.0,122.0,Gregory Mitchell,
Pelicula 94,Descripcion 94,2019-01-28,Thriller,1.0,146.0,Joseph Bell,
Pelicula 61,Descripcion 61,1990-07-25,Drama,1.0,155.0,Joshua Campbell Jr.,
Pelicula 153,Descripcion 153,1976-12-14,Familia,3.0,75.0,Julia Morales,
Pelicula 90,Descripcion 90,1999-02-15,Terror,4.0,100.0,Erica Hill,
Pelicula 86,Descripcion 86,1984-07-30,Terror,2.0,71.0,Billy Williams,
Pelicula 296,Descripcion 296,1977-04-11,Terror,2.0,121.0,Veronica Wright,
Pelicula 39,Descripcion 39,2017-09-23,Biografia,5.0,107.0,John Little DVM,
Pelicula 141,Descripcion 141,1980-10-10,Terror,3.0,98.0,Jeffrey Lee,
Pelicula 10,Descripcion 10,2009-11-23,Misterio,3.0,113.0,Jessica Holloway,
Pelicula 113,Descripcion 113,1999-06-04,Romance,3.0,70.0,Vickie Peterson,
Pelicula 138,Descripcion 138,1994-06-04,Animacion,4.0,64.0,Sandra Murray,
Pelicula 114,Descripcion 114,2000-06-17,Drama,3.0,136.0,Linda Meyer,
Pelicula 104,Descripcion 104,2003-11-13,Ciencia Ficcion,1.0,61.0,Glenn Taylor,
Pelicula 175,Descripcion 175,2022-10-06,Fantasia,4.0,130.0,Gary Washington,
Pelicula 294,Descripcion 294,1975-07-01,Drama,3.0,90.0,Kelly Allen,
Pelicula 239,Descripcion 239,2017-04-25,Deporte,1.0,112.0,Jasmin Nelson,
Pelicula 263,Descripcion 263,1978-08-17,Documental,1.0,70.0,Robert Ortiz,
Pelicula 264,Descripcion 264,1977-10-07,Deporte,4.0,99.0,Bethany Richards,
Pelicula 132,Descripcion 132,2014-01-07,Aventura,3.0,158.0,Alexandria Lindsey,
Pelicula 43,Descripcion 43,1998-08-21,Historia,5.0,69.0,Michelle Mcguire,
Pelicula 50,Descripcion 50,1978-02-18,Accion,4.0,120.0,Cameron Johnson,
Pelicula 164,Descripcion 164,2017-10-28,Aventura,1.0,102.0,Jennifer Lang,
Pelicula 249,Descripcion 249,1987-06-08,Documental,5.0,130.0,Alan Sanders,
Pelicula 45,Descripcion 45,1993-12-18,Familia,1.0,108.0,Stephen Andrews,
Pelicula 250,Descripcion 250,1983-12-19,Historia,4.0,140.0,Tami Glass,
Pelicula 265,Descripcion 265,1996-05-11,Musical,2.0,69.0,Shannon Campbell,
Pelicula 235,Descripcion 235,2019-12-09,Romance,1.0,66.0,Stephen Munoz,
Pelicula 89,Descripcion 89,1975-11-09,Misterio,5.0,93.0,Jordan Jackson,
Pelicula 176,Descripcion 176,1998-06-28,Guerra,2.0,60.0,Kathleen Ochoa,
Pelicula 209,Descripcion 209,1994-04-16,Musical,1.0,175.0,Matthew Ward,
Pelicula 112,Descripcion 112,2018-02-08,Historia,5.0,158.0,Kyle Davis,
Pelicula 290,Descripcion 290,1982-11-04,Comedia,3.0,79.0,Michael Norris,
Pelicula 28,Descripcion 28,2012-12-05,Terror,1.0,126.0,Jacqueline Davis,
Pelicula 111,Descripcion 111,1990-02-08,Crimen,5.0,160.0,Danielle Jackson,
Pelicula 62,Descripcion 62,2001-04-01,Documental,1.0,150.0,Angela Walker,
Pelicula 147,Descripcion 147,2014-01-27,Terror,3.0,180.0,Bradley Ferguson,
Pelicula 46,Descripcion 46,2007-11-13,Accion,2.0,140.0,Amanda Williams,
Pelicula 253,Descripcion 253,1985-11-14,Familia,1.0,153.0,David Bennett,
Pelicula 71,Descripcion 71,2018-05-12,Accion,3.0,81.0,Kristy Caldwell,
Pelicula 277,Descripcion 277,2023-09-30,Aventura,1.0,82.0,Mark Hurst,
Pelicula 117,Descripcion 117,1990-11-19,Western,5.0,82.0,Leslie George,
Pelicula 284,Descripcion 284,1986-08-10,Biografia,4.0,97.0,Crystal Boyd,
Pelicula 272,Descripcion 272,1981-05-21,Comedia,5.0,145.0,Alexandra Lang,
Pelicula 81,Descripcion 81,2012-05-19,Guerra,2.0,120.0,Debra Ellis,
Pelicula 98,Descripcion 98,2008-04-12,Aventura,3.0,66.0,Kevin Johnson,
Pelicula 52,Descripcion 52,1982-02-06,Comedia,2.0,165.0,Kristine Smith,
Pelicula 134,Descripcion 134,1990-04-22,Accion,4.0,152.0,Tammy Christensen,
Pelicula 82,Descripcion 82,1974-05-23,Familia,2.0,177.0,Eric Brown,
Pelicula 69,Descripcion 69,2006-05-22,Thriller,5.0,135.0,Courtney Delacruz,
Pelicula 240,Descripcion 240,2016-11-11,Animacion,4.0,67.0,Anna Mosley,
Pelicula 248,Descripcion 248,2011-07-12,Terror,4.0,152.0,Eric Alexander,
Pelicula 155,Descripcion 155,1977-03-29,Ciencia Ficcion,5.0,106.0,Melissa Gates,
Pelicula 29,Descripcion 29,1971-12-07,Deporte,3.0,156.0,Michelle Hicks,
Pelicula 92,Descripcion 92,1970-10-31,Romance,1.0,137.0,Diana Martinez,
Pelicula 8,Descripcion 8,1975-08-26,Western,2.0,123.0,Rachel Burgess,
Pelicula 292,Descripcion 292,1992-10-02,Fantasia,2.0,162.0,Jacqueline Bush,
Pelicula 149,Descripcion 149,2007-07-17,Romance,3.0,89.0,Diana Wright,
Pelicula 85,Descripcion 85,2017-04-05,Historia,1.0,108.0,Zachary Stewart,
Pelicula 79,Descripcion 79,2015-03-31,Guerra,4.0,80.0,Deborah Mills,
Pelicula 287,Descripcion 287,1981-01-12,Familia,4.0,73.0,Kevin Williams,
Pelicula 286,Descripcion 286,2017-05-10,Drama,3.0,167.0,Sue Mason,
Pelicula 95,Descripcion 95,1987-07-26,Romance,1.0,168.0,Tony Moore,
Pelicula 116,Descripcion 116,2014-01-26,Familia,5.0,115.0,Samuel Kent,
Pelicula 221,Descripcion 221,2010-06-23,Historia,5.0,122.0,John Wilson,
Pelicula 245,Descripcion 245,2006-10-13,Comedia,5.0,149.0,Christine Bullock,
Pelicula 174,Descripcion 174,2017-01-03,Historia,3.0,172.0,Hannah Gibson,
Pelicula 40,Descripcion 40,2014-02-15,Romance,5.0,114.0,Kathryn Jimenez,
Pelicula 15,Descripcion 15,2015-04-07,Romance,1.0,105.0,Ronald Frye,
Pelicula 298,Descripcion 298,2022-06-16,Romance,5.0,155.0,Jennifer Thomas,
Pelicula 166,Descripcion 166,1975-08-26,Drama,1.0,97.0,Matthew Bradley,
Pelicula 57,Descripcion 57,2007-09-29,Terror,4.0,66.0,Mary Peterson,
Pelicula 189,Descripcion 189,1972-08-20,Musical,2.0,136.0,Thomas Murillo,
Pelicula 9,Descripcion 9,2009-10-24,Musical,1.0,177.0,Katrina Bailey,
Pelicula 165,Descripcion 165,1972-02-11,Comedia,2.0,159.0,Patrick Johnson,
Pelicula 119,Descripcion 119,1970-12-24,Familia,3.0,60.0,Robert Townsend,
Pelicula 5,Descripcion 5,2003-08-15,Misterio,2.0,92.0,Matthew Cox,
Pelicula 293,Descripcion 293,2000-05-05,Documental,5.0,173.0,John Bailey,
Pelicula 180,Descripcion 180,1981-08-31,Romance,1.0,155.0,Benjamin Hays,
Pelicula 102,Descripcion 102,1981-02-02,Aventura,5.0,106.0,Heather Santiago,
Pelicula 222,Descripcion 222,2024-02-23,Accion,4.0,88.0,Tyler Walsh,
Pelicula 238,Descripcion 238,1989-12-26,Guerra,5.0,140.0,Tanya Evans,
Pelicula 234,Descripcion 234,1999-11-17,Fantasia,5.0,84.0,William Kelley,
Pelicula 54,Descripcion 54,1997-12-27,Thriller,1.0,98.0,Allison Humphrey,
Pelicula 297,Descripcion 297,1993-02-04,Drama,4.0,168.0,Frank Gomez,
Pelicula 122,Descripcion 122,1983-03-21,Ciencia Ficcion,4.0,61.0,Marilyn Stewart,
Pelicula 236,Descripcion 236,1994-12-25,Fantasia,2.0,112.0,Chelsea Hartman,
Pelicula 32,Descripcion 32,2011-07-11,Historia,1.0,143.0,Patricia Gomez,
Pelicula 268,Descripcion 268,1983-12-19,Fantasia,3.0,134.0,Joshua Bond,
Pelicula 17,Descripcion 17,1999-05-27,Comedia,2.0,95.0,Jamie Gibson,
Pelicula 76,Descripcion 76,1993-11-16,Western,3.0,110.0,Lisa Williams,
Pelicula 6,Descripcion 6,2012-07-18,Comedia,2.0,76.0,Collin Mccoy,
Pelicula 83,Descripcion 83,1996-02-01,Animacion,5.0,174.0,Anthony Guzman,
Pelicula 282,Descripcion 282,2020-11-08,Accion,1.0,88.0,Charles Perez,
Pelicula 21,Descripcion 21,1978-09-30,Romance,2.0,120.0,Ethan Ward,
Pelicula 151,Descripcion 151,2019-12-31,Fantasia,5.0,130.0,Kenneth Harris,
Pelicula 291,Descripcion 291,2007-06-14,Fantasia,5.0,141.0,Kathleen Chaney,
Pelicula 170,Descripcion 170,1985-04-13,Drama,2.0,66.0,Karen Campbell,
Pelicula 225,Descripcion 225,1989-01-12,Documental,1.0,148.0,Sandra Jones,
Pelicula 177,Descripcion 177,1991-11-29,Fantasia,4.0,162.0,Andrew Wells,
Pelicula 135,Descripcion 135,1987-04-17,Drama,2.0,94.0,Spencer Brown,
Pelicula 125,Descripcion 125,1975-02-21,Familia,3.0,88.0,Garrett Pham,
Pelicula 278,Descripcion 278,2009-07-23,Aventura,4.0,98.0,Rodney Smith,
Pelicula 1,Descripcion 1,2014-02-10,Documental,5.0,144.0,Patrick Gonzalez,
Pelicula 163,Descripcion 163,1976-04-19,Guerra,3.0,102.0,Jessica Wright,
Pelicula 233,Descripcion 233,2000-04-06,Deporte,4.0,140.0,Donald Jackson,
Pelicula 181,Descripcion 181,1990-05-06,Animacion,4.0,76.0,Melinda Thompson,
Pelicula 78,Descripcion 78,1993-03-21,Biografia,5.0,110.0,William Dunn,
Pelicula 123,Descripcion 123,2004-03-26,Misterio,3.0,168.0,Kathryn Ochoa,
Pelicula 275,Descripcion 275,1972-04-04,Documental,2.0,104.0,Matthew Hall,
Pelicula 266,Descripcion 266,1991-02-09,Documental,3.0,162.0,Katelyn Riddle,
Pelicula 179,Descripcion 179,1987-11-26,Familia,2.0,162.0,Julie Bradley,
Pelicula 252,Descripcion 252,1987-04-11,Guerra,5.0,92.0,Adam Sheppard,
Pelicula 191,Descripcion 191,1979-03-15,Aventura,1.0,92.0,Brianna Owen,
Pelicula 202,Descripcion 202,2009-09-13,Aventura,4.0,92.0,Stephanie Allen,
Pelicula 188,Descripcion 188,2020-06-21,Deporte,1.0,121.0,Russell Garrett,
Pelicula 118,Descripcion 118,2008-10-16,Fantasia,3.0,164.0,Stephen Olson,
Pelicula 156,Descripcion 156,1995-07-10,Documental,3.0,107.0,Christopher Elliott,
Pelicula 150,Descripcion 150,1988-12-26,Terror,5.0,162.0,Michele Walker,
Pelicula 139,Descripcion 139,1997-11-05,Western,4.0,161.0,Mary Griffin,
Pelicula 130,Descripcion 130,1987-04-06,Misterio,1.0,162.0,Marisa Campbell,
Pelicula 128,Descripcion 128,2003-05-31,Comedia,4.0,143.0,Richard Dunlap,
Pelicula 230,Descripcion 230,1998-08-23,Deporte,4.0,152.0,Michelle Griffith,
Pelicula 289,Descripcion 289,1988-07-20,Ciencia Ficcion,2.0,128.0,Rachel Griffin,
Pelicula 96,Descripcion 96,2016-03-02,Deporte,5.0,149.0,John Quinn,
Pelicula 34,Descripcion 34,2010-07-10,Romance,3.0,60.0,Tracy Thompson,
Pelicula 33,Descripcion 33,1985-10-16,Animacion,1.0,141.0,Sophia Peterson,
Pelicula 280,Descripcion 280,1998-03-12,Aventura,2.0,106.0,Michelle Conner,
Pelicula 146,Descripcion 146,1995-02-14,Accion,2.0,75.0,Brittany Johnson,
Pelicula 185,Descripcion 185,1984-01-09,Drama,5.0,110.0,Wayne Sheppard,
Pelicula 31,Descripcion 31,1996-07-06,Comedia,4.0,139.0,Brittany Nash,
Pelicula 214,Descripcion 214,2017-01-07,Ciencia Ficcion,2.0,160.0,Mr. Jamie Taylor DVM,
Pelicula 105,Descripcion 105,2015-02-24,Ciencia Ficcion,2.0,130.0,Shawn Hodge,
Pelicula 201,Descripcion 201,2011-01-20,Crimen,5.0,110.0,Bethany Clark,
Pelicula 80,Descripcion 80,2011-12-08,Documental,1.0,117.0,Charles Parks,
Pelicula 131,Descripcion 131,1971-11-07,Biografia,3.0,162.0,Micheal Jones,
Pelicula 16,Descripcion 16,2004-07-13,Aventura,2.0,173.0,Emily Allen,
Pelicula 107,Descripcion 107,2005-01-05,Aventura,4.0,136.0,Mark Jimenez,
Pelicula 115,Descripcion 115,1977-01-30,Familia,1.0,147.0,John Schultz,
Pelicula 197,Descripcion 197,2007-03-09,Drama,3.0,167.0,Dr. Kimberly Thomas,
Pelicula 211,Descripcion 211,2000-04-27,Drama,5.0,180.0,Rick Brooks,
Pelicula 183,Descripcion 183,1984-07-17,Documental,3.0,100.0,Angela Lynch,
Pelicula 187,Descripcion 187,1980-10-15,Animacion,4.0,80.0,Kayla Stout,
Pelicula 169,Descripcion 169,1999-01-13,Deporte,4.0,88.0,Jonathan Edwards,
Pelicula 66,Descripcion 66,2017-02-10,Ciencia Ficcion,4.0,127.0,Sean Gregory,
Pelicula 84,Descripcion 84,2011-01-11,Romance,3.0,171.0,Tamara Banks,
Pelicula 256,Descripcion 256,2018-01-26,Musical,1.0,67.0,Meghan Burke,
Pelicula 106,Descripcion 106,2019-08-20,Western,5.0,99.0,Patricia Molina,
Pelicula 142,Descripcion 142,2014-04-26,Aventura,2.0,94.0,Joan Henry,
Pelicula 229,Descripcion 229,2002-02-17,Documental,1.0,101.0,Charles Davis,
Pelicula 56,Descripcion 56,2002-07-15,Thriller,3.0,61.0,Debbie Williams,
Pelicula 88,Descripcion 88,1979-04-01,Musical,3.0,153.0,Mark Snyder,
Pelicula 260,Descripcion 260,1971-01-01,Deporte,5.0,129.0,Tiffany Humphrey,
Pelicula 200,Descripcion 200,1999-07-08,Fantasia,5.0,66.0,Christy Boyd,
Pelicula 215,Descripcion 215,1972-06-27,Aventura,5.0,179.0,Nicholas Golden,
Pelicula 55,Descripcion 55,2013-01-11,Accion,4.0,176.0,Roger Tanner,
Pelicula 2,Descripcion 2,1981-05-08,Ciencia Ficcion,4.0,158.0,Maria Clayton,
Pelicula 259,Descripcion 259,2000-05-31,Biografia,5.0,99.0,Deborah Kim,
Pelicula 20,Descripcion 20,1973-01-22,Biografia,5.0,170.0,Allison Espinoza,
Pelicula 154,Descripcion 154,2002-04-20,Historia,1.0,169.0,Charles Newton,
Pelicula 24,Descripcion 24,1989-11-14,Romance,5.0,66.0,Micheal Santiago,
Pelicula 220,Descripcion 220,2009-10-23,Accion,3.0,156.0,Sherri Myers,
Pelicula 232,Descripcion 232,2015-12-08,Familia,5.0,90.0,Victor Archer,
Pelicula 97,Descripcion 97,2021-11-15,Musical,2.0,173.0,Kristen Stephens,
Pelicula 271,Descripcion 271,2009-06-06,Animacion,2.0,89.0,Nicole Lara,
Pelicula 77,Descripcion 77,2014-05-18,Animacion,1.0,150.0,Hannah Holland,
Pelicula 37,Descripcion 37,2022-05-16,Biografia,2.0,122.0,Sarah Thomas,
Pelicula 91,Descripcion 91,2004-08-02,Deporte,5.0,86.0,Lisa Harrison,
Pelicula 196,Descripcion 196,1974-02-18,Biografia,2.0,125.0,Ricky Kim,
